Domain,DR,Linking to Competitors,Opportunity Type,Priority
thaicommodityexport.com,35,rice-export.com; icumsa-sugar.com,Editorial guest post,High
ricenews.com,52,rice-export.com; alibaba.com,Industry publication,High
sugarindustry.info,41,icumsa-sugar.com; alibaba.com,Data study / guest post,Medium
fertilizerinternational.com,48,fertilizer-export.net; alibaba.com,Trade publication,High
agriexport.org,38,Multiple competitors,Resource page inclusion,Medium
thaitrade.com,55,Multiple competitors,Thai trade directory,High
export.gov,92,Multiple competitors,Government resource link,Low (hard)
wikidata.org,95,None,Entity creation for brand,High
linkedin.com/company,98,None,Company page optimization,Medium
